,Wk,Day,Date,Time,Home,xG,Score,xG.1,Away,Attendance,Venue,Referee,Match Report,Notes
0,1.0,Fri,2021-08-13,21:00,Valencia,1.5,1–0,1.4,Getafe,9868.0,Estadio de Mestalla,Jesús Gil,Match Report,
1,1.0,Sat,2021-08-14,19:30,Mallorca,0.5,1–1,0.6,Betis,6279.0,Iberostar Estadi,Antonio Matéu Lahoz,Match Report,
2,1.0,Sat,2021-08-14,19:30,Cádiz,0.6,1–1,0.9,Levante,6941.0,Estadio Nuevo Mirandilla,Santiago Jaime,Match Report,
3,1.0,Sat,2021-08-14,22:00,Alavés,1.7,1–4,1.7,Real Madrid,3968.0,Estadio de Mendizorroza,César Soto,Match Report,
4,1.0,Sat,2021-08-14,22:00,Osasuna,0.9,0–0,0.5,Espanyol,6715.0,Estadio El Sadar,Miguel Ángel Ortiz Arias,Match Report,
5,1.0,Sun,2021-08-15,17:30,Celta Vigo,2.3,1–2,1.5,Atlético Madrid,5401.0,Estadio de Balaídos,José Luis Munuera,Match Report,
6,1.0,Sun,2021-08-15,20:00,Barcelona,2.8,4–2,0.8,Real Sociedad,20384.0,Camp Nou,Alejandro Hernández,Match Report,
7,1.0,Sun,2021-08-15,22:15,Sevilla,3.7,3–0,0.4,Rayo Vallecano,13962.0,Estadio Ramón Sánchez Pizjuán,Isidro Díaz de Mera,Match Report,
8,1.0,Mon,2021-08-16,20:00,Villarreal,1.1,0–0,0.3,Granada,7837.0,Estadio de la Cerámica,Pablo González,Match Report,
9,1.0,Mon,2021-08-16,22:00,Elche,1.1,0–0,0.6,Athletic Club,9145.0,Estadio Manuel Martínez Valero,Adrián Cordero,Match Report,
10,,,,,,,,,,,,,,
11,2.0,Fri,2021-08-20,21:00,Betis,1.1,1–1,1.6,Cádiz,23745.0,Estadio Benito Villamarín,Valentín Pizarro,Match Report,
12,2.0,Sat,2021-08-21,17:00,Alavés,0.5,0–1,0.7,Mallorca,2896.0,Estadio de Mendizorroza,Alejandro Muñíz,Match Report,
13,2.0,Sat,2021-08-21,19:30,Espanyol,1.3,0–0,0.6,Villarreal,11095.0,RCDE Stadium,Jorge Figueroa,Match Report,
14,2.0,Sat,2021-08-21,19:30,Granada,1.1,1–1,1.5,Valencia,6267.0,Estadio Nuevo Los Cármenes,Carlos del Cerro,Match Report,
15,2.0,Sat,2021-08-21,22:00,Athletic Club,1.4,1–1,1.0,Barcelona,9394.0,San Mamés,Juan Martínez,Match Report,
16,2.0,Sun,2021-08-22,17:00,Real Sociedad,1.9,1–0,0.5,Rayo Vallecano,7652.0,Estadio Municipal de Anoeta,Santiago Jaime,Match Report,
17,2.0,Sun,2021-08-22,19:30,Atlético Madrid,1.2,1–0,0.2,Elche,24926.0,Estadio Wanda Metropolitano,Ricardo de Burgos,Match Report,
18,2.0,Sun,2021-08-22,22:00,Levante,1.9,3–3,1.6,Real Madrid,9838.0,Estadio Ciudad de Valencia,Guillermo Cuadra,Match Report,
19,2.0,Mon,2021-08-23,20:00,Getafe,0.5,0–1,1.2,Sevilla,4810.0,Coliseum Alfonso Pérez,José Sánchez,Match Report,
20,2.0,Mon,2021-08-23,22:00,Osasuna,2.0,0–0,0.1,Celta Vigo,7189.0,Estadio El Sadar,Alberola Rojas,Match Report,
21,,,,,,,,,,,,,,
22,3.0,Fri,2021-08-27,20:00,Mallorca,1.0,1–0,0.4,Espanyol,7529.0,Iberostar Estadi,Isidro Díaz de Mera,Match Report,
23,3.0,Fri,2021-08-27,22:15,Valencia,1.6,3–0,0.4,Alavés,10627.0,Estadio de Mestalla,Miguel Ángel Ortiz Arias,Match Report,
24,3.0,Sat,2021-08-28,17:00,Celta Vigo,1.1,0–1,1.4,Athletic Club,5492.0,Estadio de Balaídos,Antonio Matéu Lahoz,Match Report,
25,3.0,Sat,2021-08-28,19:30,Real Sociedad,1.0,1–0,0.4,Levante,7758.0,Estadio Municipal de Anoeta,José Luis Munuera,Match Report,
26,3.0,Sat,2021-08-28,19:30,Elche,0.5,1–1,1.3,Sevilla,10385.0,Estadio Manuel Martínez Valero,Valentín Pizarro,Match Report,
27,3.0,Sat,2021-08-28,22:00,Betis,0.6,0–1,0.9,Real Madrid,22590.0,Estadio Benito Villamarín,Alejandro Hernández,Match Report,
28,3.0,Sun,2021-08-29,17:00,Barcelona,1.1,2–1,0.4,Getafe,26543.0,Camp Nou,Pablo González,Match Report,
29,3.0,Sun,2021-08-29,19:30,Rayo Vallecano,2.2,4–0,0.5,Granada,583.0,Estadio del Rayo Vallecano,Jesús Gil,Match Report,
30,3.0,Sun,2021-08-29,19:30,Cádiz,1.6,2–3,2.4,Osasuna,7452.0,Estadio Nuevo Mirandilla,Adrián Cordero,Match Report,
31,3.0,Sun,2021-08-29,22:00,Atlético Madrid,1.7,2–2,0.3,Villarreal,26840.0,Estadio Wanda Metropolitano,César Soto,Match Report,
32,,,,,,,,,,,,,,
33,4.0,Sat,2021-09-11,18:30,Levante,1.0,1–1,2.2,Rayo Vallecano,12974.0,Estadio Ciudad de Valencia,Alberola Rojas,Match Report,
34,4.0,Sat,2021-09-11,21:00,Athletic Club,1.4,2–0,0.2,Mallorca,14566.0,San Mamés,Jorge Figueroa,Match Report,
35,4.0,Sun,2021-09-12,14:00,Espanyol,0.4,1–2,0.8,Atlético Madrid,15321.0,RCDE Stadium,Juan Martínez,Match Report,
36,4.0,Sun,2021-09-12,16:15,Osasuna,0.6,1–4,0.9,Valencia,13940.0,Estadio El Sadar,Ricardo de Burgos,Match Report,
37,4.0,Sun,2021-09-12,18:30,Cádiz,0.3,0–2,1.9,Real Sociedad,11826.0,Estadio Nuevo Mirandilla,Alejandro Muñíz,Match Report,
38,4.0,Sun,2021-09-12,21:00,Real Madrid,3.2,5–2,1.8,Celta Vigo,19874.0,Estadio Santiago Bernabéu,José Sánchez,Match Report,
39,4.0,Mon,2021-09-13,20:00,Getafe,0.3,0–1,0.8,Elche,6853.0,Coliseum Alfonso Pérez,Mario Melero,Match Report,
40,4.0,Mon,2021-09-13,22:00,Granada,0.6,1–2,2.3,Betis,10201.0,Estadio Nuevo Los Cármenes,Guillermo Cuadra,Match Report,
41,,,,,,,,,,,,,,
42,5.0,Fri,2021-09-17,21:00,Celta Vigo,1.0,1–2,1.1,Cádiz,6754.0,Estadio de Balaídos,Isidro Díaz de Mera,Match Report,
43,5.0,Sat,2021-09-18,14:00,Rayo Vallecano,2.2,3–0,1.1,Getafe,3280.0,Estadio del Rayo Vallecano,Adrián Cordero,Match Report,
44,5.0,Sat,2021-09-18,16:15,Atlético Madrid,0.9,0–0,1.0,Athletic Club,38798.0,Estadio Wanda Metropolitano,Jesús Gil,Match Report,
45,5.0,Sat,2021-09-18,18:30,Elche,0.4,1–1,1.1,Levante,11507.0,Estadio Manuel Martínez Valero,Miguel Ángel Ortiz Arias,Match Report,
46,5.0,Sat,2021-09-18,21:00,Alavés,0.5,0–2,1.4,Osasuna,8176.0,Estadio de Mendizorroza,Alejandro Hernández,Match Report,
47,5.0,Sun,2021-09-19,14:00,Mallorca,0.5,0–0,1.4,Villarreal,9168.0,Iberostar Estadi,Carlos del Cerro,Match Report,
48,5.0,Sun,2021-09-19,16:15,Real Sociedad,1.3,0–0,0.5,Sevilla,23757.0,Estadio Municipal de Anoeta,Antonio Matéu Lahoz,Match Report,
49,5.0,Sun,2021-09-19,18:30,Betis,1.9,2–2,1.1,Espanyol,30189.0,Estadio Benito Villamarín,César Soto,Match Report,
50,5.0,Sun,2021-09-19,21:00,Valencia,0.9,1–2,1.3,Real Madrid,26689.0,Estadio de Mestalla,Pablo González,Match Report,
51,5.0,Mon,2021-09-20,21:00,Barcelona,1.8,1–1,0.8,Granada,27097.0,Camp Nou,Santiago Jaime,Match Report,
52,,,,,,,,,,,,,,
53,6.0,Tue,2021-09-21,19:30,Getafe,0.3,1–2,1.1,Atlético Madrid,8950.0,Coliseum Alfonso Pérez,Guillermo Cuadra,Match Report,
54,6.0,Tue,2021-09-21,22:00,Levante,1.7,0–2,0.7,Celta Vigo,11989.0,Estadio Ciudad de Valencia,Jorge Figueroa,Match Report,
55,6.0,Tue,2021-09-21,22:00,Athletic Club,0.9,1–2,1.0,Rayo Vallecano,16236.0,San Mamés,José Luis Munuera,Match Report,
56,6.0,Wed,2021-09-22,19:30,Sevilla,1.0,3–1,0.4,Valencia,23654.0,Estadio Ramón Sánchez Pizjuán,José Sánchez,Match Report,
57,6.0,Wed,2021-09-22,19:30,Espanyol,1.7,1–0,0.5,Alavés,14254.0,RCDE Stadium,Mario Melero,Match Report,
58,6.0,Wed,2021-09-22,22:00,Real Madrid,2.6,6–1,1.4,Mallorca,20113.0,Estadio Santiago Bernabéu,Alberola Rojas,Match Report,
59,6.0,Wed,2021-09-22,22:00,Villarreal,3.2,4–1,1.2,Elche,8234.0,Estadio de la Cerámica,Alejandro Muñíz,Match Report,
60,6.0,Thu,2021-09-23,19:30,Osasuna,1.0,1–3,2.4,Betis,13758.0,Estadio El Sadar,Juan Martínez,Match Report,
61,6.0,Thu,2021-09-23,19:30,Granada,1.3,2–3,1.7,Real Sociedad,9552.0,Estadio Nuevo Los Cármenes,Valentín Pizarro,Match Report,
62,6.0,Thu,2021-09-23,22:00,Cádiz,1.3,0–0,0.4,Barcelona,12180.0,Estadio Nuevo Mirandilla,Carlos del Cerro,Match Report,
63,,,,,,,,,,,,,,
64,7.0,Sat,2021-09-25,14:00,Alavés,0.7,1–0,0.7,Atlético Madrid,9836.0,Estadio de Mendizorroza,Antonio Matéu Lahoz,Match Report,
65,7.0,Sat,2021-09-25,16:15,Valencia,0.9,1–1,0.8,Athletic Club,13680.0,Estadio de Mestalla,Alejandro Hernández,Match Report,
66,7.0,Sat,2021-09-25,18:30,Sevilla,1.8,2–0,0.7,Espanyol,23956.0,Estadio Ramón Sánchez Pizjuán,Pablo González,Match Report,
67,7.0,Sat,2021-09-25,21:00,Real Madrid,1.1,0–0,0.5,Villarreal,23985.0,Estadio Santiago Bernabéu,Jesús Gil,Match Report,
68,7.0,Sun,2021-09-26,14:00,Mallorca,2.6,2–3,0.9,Osasuna,9359.0,Iberostar Estadi,Miguel Ángel Ortiz Arias,Match Report,
69,7.0,Sun,2021-09-26,16:15,Barcelona,2.9,3–0,0.8,Levante,35334.0,Camp Nou,Isidro Díaz de Mera,Match Report,
70,7.0,Sun,2021-09-26,18:30,Rayo Vallecano,1.3,3–1,1.0,Cádiz,5903.0,Estadio del Rayo Vallecano,Ricardo de Burgos,Match Report,
71,7.0,Sun,2021-09-26,18:30,Real Sociedad,2.4,1–0,0.5,Elche,23941.0,Estadio Municipal de Anoeta,Adrián Cordero,Match Report,
72,7.0,Sun,2021-09-26,21:00,Betis,1.9,2–0,0.6,Getafe,29825.0,Estadio Benito Villamarín,Santiago Jaime,Match Report,
73,7.0,Mon,2021-09-27,21:00,Celta Vigo,1.3,1–0,0.8,Granada,6375.0,Estadio de Balaídos,César Soto,Match Report,
74,,,,,,,,,,,,,,
75,8.0,Fri,2021-10-01,21:00,Athletic Club,2.0,1–0,0.9,Alavés,28665.0,San Mamés,Carlos del Cerro,Match Report,
76,8.0,Sat,2021-10-02,14:00,Osasuna,0.5,1–0,0.2,Rayo Vallecano,19238.0,Estadio El Sadar,Mario Melero,Match Report,
77,8.0,Sat,2021-10-02,16:15,Mallorca,0.6,1–0,1.2,Levante,11803.0,Iberostar Estadi,Alejandro Muñíz,Match Report,
78,8.0,Sat,2021-10-02,18:30,Cádiz,0.2,0–0,1.1,Valencia,14794.0,Estadio Nuevo Mirandilla,Valentín Pizarro,Match Report,
79,8.0,Sat,2021-10-02,21:00,Atlético Madrid,1.2,2–0,0.7,Barcelona,60594.0,Estadio Wanda Metropolitano,César Soto,Match Report,
80,8.0,Sun,2021-10-03,14:00,Elche,1.3,1–0,0.5,Celta Vigo,11299.0,Estadio Manuel Martínez Valero,José Luis Munuera,Match Report,
81,8.0,Sun,2021-10-03,16:15,Espanyol,1.2,2–1,1.6,Real Madrid,23377.0,RCDE Stadium,Guillermo Cuadra,Match Report,
82,8.0,Sun,2021-10-03,18:30,Getafe,0.7,1–1,0.7,Real Sociedad,8463.0,Coliseum Alfonso Pérez,Jorge Figueroa,Match Report,
83,8.0,Sun,2021-10-03,18:30,Villarreal,2.6,2–0,0.5,Betis,16719.0,Estadio de la Cerámica,José Sánchez,Match Report,
84,8.0,Sun,2021-10-03,21:00,Granada,0.1,1–0,1.3,Sevilla,12334.0,Estadio Nuevo Los Cármenes,Alberola Rojas,Match Report,
85,,,,,,,,,,,,,,
86,9.0,Sat,2021-10-16,18:30,Levante,0.9,0–0,0.6,Getafe,14551.0,Estadio Ciudad de Valencia,Mario Melero,Match Report,
87,9.0,Sat,2021-10-16,21:00,Real Sociedad,0.4,1–0,0.2,Mallorca,30831.0,Estadio Municipal de Anoeta,Pablo González,Match Report,
88,9.0,Sun,2021-10-17,14:00,Rayo Vallecano,1.2,2–1,0.4,Elche,6989.0,Estadio del Rayo Vallecano,Santiago Jaime,Match Report,
89,9.0,Sun,2021-10-17,16:15,Celta Vigo,1.2,0–1,1.0,Sevilla,10774.0,Estadio de Balaídos,Ricardo de Burgos,Match Report,
90,9.0,Sun,2021-10-17,18:30,Villarreal,0.5,1–2,0.6,Osasuna,14831.0,Estadio de la Cerámica,Adrián Cordero,Match Report,
91,9.0,Sun,2021-10-17,21:00,Barcelona,1.9,3–1,0.4,Valencia,47317.0,Camp Nou,Jesús Gil,Match Report,
92,9.0,Mon,2021-10-18,19:00,Alavés,0.9,0–1,1.4,Betis,10227.0,Estadio de Mendizorroza,Miguel Ángel Ortiz Arias,Match Report,
93,9.0,Mon,2021-10-18,21:00,Espanyol,1.3,2–0,0.4,Cádiz,15678.0,RCDE Stadium,Antonio Matéu Lahoz,Match Report,
94,,,,,,,,,,,,,,
95,10.0,Fri,2021-10-22,21:00,Osasuna,1.0,1–1,0.5,Granada,21128.0,Estadio El Sadar,Alejandro Muñíz,Match Report,
96,10.0,Sat,2021-10-23,14:00,Valencia,1.8,2–2,0.6,Mallorca,29139.0,Estadio de Mestalla,Carlos del Cerro,Match Report,
97,10.0,Sat,2021-10-23,16:15,Cádiz,1.5,0–2,1.3,Alavés,13790.0,Estadio Nuevo Mirandilla,Alberola Rojas,Match Report,
98,10.0,Sat,2021-10-23,18:30,Elche,0.9,2–2,0.8,Espanyol,13449.0,Estadio Manuel Martínez Valero,Jorge Figueroa,Match Report,
99,10.0,Sat,2021-10-23,21:00,Athletic Club,2.8,2–1,0.5,Villarreal,38698.0,San Mamés,Guillermo Cuadra,Match Report,
100,10.0,Sun,2021-10-24,14:00,Sevilla,1.6,5–3,1.9,Levante,30601.0,Estadio Ramón Sánchez Pizjuán,Valentín Pizarro,Match Report,
101,10.0,Sun,2021-10-24,16:15,Barcelona,1.6,1–2,1.5,Real Madrid,86422.0,Camp Nou,José Sánchez,Match Report,
102,10.0,Sun,2021-10-24,18:30,Betis,1.4,3–2,1.0,Rayo Vallecano,45362.0,Estadio Benito Villamarín,Ricardo de Burgos,Match Report,
103,10.0,Sun,2021-10-24,21:00,Atlético Madrid,1.7,2–2,0.8,Real Sociedad,50032.0,Estadio Wanda Metropolitano,José Luis Munuera,Match Report,
104,10.0,Mon,2021-10-25,21:00,Getafe,0.5,0–3,1.6,Celta Vigo,7630.0,Coliseum Alfonso Pérez,Juan Martínez,Match Report,
105,,,,,,,,,,,,,,
106,11.0,Tue,2021-10-26,19:00,Alavés,1.7,1–0,0.3,Elche,10206.0,Estadio de Mendizorroza,Jesús Gil,Match Report,
107,11.0,Tue,2021-10-26,21:00,Espanyol,1.3,1–1,3.3,Athletic Club,16196.0,RCDE Stadium,Miguel Ángel Ortiz Arias,Match Report,
108,11.0,Tue,2021-10-26,21:30,Villarreal,1.7,3–3,1.4,Cádiz,12190.0,Estadio de la Cerámica,Alejandro Hernández,Match Report,
109,11.0,Wed,2021-10-27,19:00,Rayo Vallecano,0.8,1–0,2.5,Barcelona,9340.0,Estadio del Rayo Vallecano,Antonio Matéu Lahoz,Match Report,
110,11.0,Wed,2021-10-27,19:00,Mallorca,1.5,1–1,0.8,Sevilla,15125.0,Iberostar Estadi,Santiago Jaime,Match Report,
111,11.0,Wed,2021-10-27,20:00,Betis,2.0,4–1,1.6,Valencia,43123.0,Estadio Benito Villamarín,Isidro Díaz de Mera,Match Report,
112,11.0,Wed,2021-10-27,21:30,Real Madrid,0.7,0–0,0.5,Osasuna,35691.0,Estadio Santiago Bernabéu,César Soto,Match Report,
113,11.0,Thu,2021-10-28,19:00,Celta Vigo,1.4,0–2,1.7,Real Sociedad,8726.0,Estadio de Balaídos,Mario Melero,Match Report,
114,11.0,Thu,2021-10-28,20:00,Granada,2.0,1–1,0.4,Getafe,13651.0,Estadio Nuevo Los Cármenes,Adrián Cordero,Match Report,
115,11.0,Thu,2021-10-28,21:30,Levante,1.8,2–2,0.9,Atlético Madrid,16298.0,Estadio Ciudad de Valencia,Pablo González,Match Report,
116,,,,,,,,,,,,,,
117,12.0,Sat,2021-10-30,14:00,Elche,1.1,1–2,1.1,Real Madrid,23010.0,Estadio Manuel Martínez Valero,Ricardo de Burgos,Match Report,
118,12.0,Sat,2021-10-30,16:15,Sevilla,2.0,2–0,0.6,Osasuna,20335.0,Estadio Ramón Sánchez Pizjuán,Carlos del Cerro,Match Report,
119,12.0,Sat,2021-10-30,18:30,Valencia,1.1,2–0,0.8,Villarreal,31487.0,Estadio de Mestalla,José Luis Munuera,Match Report,
120,12.0,Sat,2021-10-30,21:00,Barcelona,1.3,1–1,0.9,Alavés,37278.0,Camp Nou,Jorge Figueroa,Match Report,
121,12.0,Sun,2021-10-31,14:00,Cádiz,1.7,1–1,0.9,Mallorca,11790.0,Estadio Nuevo Mirandilla,Valentín Pizarro,Match Report,
122,12.0,Sun,2021-10-31,16:15,Atlético Madrid,2.3,3–0,0.5,Betis,56838.0,Estadio Wanda Metropolitano,Alberola Rojas,Match Report,
123,12.0,Sun,2021-10-31,18:30,Getafe,0.8,2–1,0.6,Espanyol,4721.0,Coliseum Alfonso Pérez,Alejandro Muñíz,Match Report,
124,12.0,Sun,2021-10-31,21:00,Real Sociedad,1.1,1–1,1.0,Athletic Club,37066.0,Estadio Municipal de Anoeta,Juan Martínez,Match Report,
125,12.0,Mon,2021-11-01,18:30,Rayo Vallecano,0.6,0–0,0.6,Celta Vigo,9580.0,Estadio del Rayo Vallecano,Adrián Cordero,Match Report,
126,12.0,Mon,2021-11-01,21:00,Levante,1.1,0–3,1.0,Granada,14512.0,Estadio Ciudad de Valencia,José Sánchez,Match Report,
127,,,,,,,,,,,,,,
128,13.0,Fri,2021-11-05,21:00,Athletic Club,0.5,0–1,0.5,Cádiz,37581.0,San Mamés,Santiago Jaime,Match Report,
129,13.0,Sat,2021-11-06,14:00,Espanyol,1.6,2–0,2.0,Granada,19050.0,RCDE Stadium,Isidro Díaz de Mera,Match Report,
130,13.0,Sat,2021-11-06,16:15,Celta Vigo,1.5,3–3,0.9,Barcelona,13146.0,Estadio de Balaídos,Alejandro Hernández,Match Report,
131,13.0,Sat,2021-11-06,18:30,Alavés,1.5,2–1,0.8,Levante,12176.0,Estadio de Mendizorroza,Adrián Cordero,Match Report,
132,13.0,Sat,2021-11-06,21:00,Real Madrid,2.1,2–1,1.4,Rayo Vallecano,43283.0,Estadio Santiago Bernabéu,Pablo González,Match Report,
133,13.0,Sun,2021-11-07,14:00,Villarreal,1.4,1–0,0.2,Getafe,13504.0,Estadio de la Cerámica,Jesús Gil,Match Report,
134,13.0,Sun,2021-11-07,16:15,Valencia,1.1,3–3,2.3,Atlético Madrid,37472.0,Estadio de Mestalla,César Soto,Match Report,
135,13.0,Sun,2021-11-07,18:30,Osasuna,0.4,0–2,1.5,Real Sociedad,21741.0,Estadio El Sadar,Miguel Ángel Ortiz Arias,Match Report,
136,13.0,Sun,2021-11-07,18:30,Mallorca,2.3,2–2,0.8,Elche,12933.0,Iberostar Estadi,Mario Melero,Match Report,
137,13.0,Sun,2021-11-07,21:00,Betis,0.3,0–2,1.7,Sevilla,50534.0,Estadio Benito Villamarín,Antonio Matéu Lahoz,Match Report,
138,,,,,,,,,,,,,,
139,14.0,Fri,2021-11-19,21:00,Levante,0.5,0–0,0.5,Athletic Club,15230.0,Estadio Ciudad de Valencia,José Luis Munuera,Match Report,
140,14.0,Sat,2021-11-20,14:00,Celta Vigo,1.0,1–1,2.8,Villarreal,10086.0,Estadio de Balaídos,Alberola Rojas,Match Report,
141,14.0,Sat,2021-11-20,16:15,Sevilla,1.8,2–2,1.1,Alavés,25208.0,Estadio Ramón Sánchez Pizjuán,Alejandro Muñíz,Match Report,
142,14.0,Sat,2021-11-20,18:30,Atlético Madrid,1.0,1–0,0.5,Osasuna,53261.0,Estadio Wanda Metropolitano,José Sánchez,Match Report,
143,14.0,Sat,2021-11-20,21:00,Barcelona,1.4,1–0,1.0,Espanyol,74418.0,Camp Nou,Carlos del Cerro,Match Report,
144,14.0,Sun,2021-11-21,14:00,Getafe,1.2,4–0,0.4,Cádiz,8825.0,Coliseum Alfonso Pérez,Ricardo de Burgos,Match Report,
145,14.0,Sun,2021-11-21,16:15,Granada,0.7,1–4,3.5,Real Madrid,17460.0,Estadio Nuevo Los Cármenes,Juan Martínez,Match Report,
146,14.0,Sun,2021-11-21,18:30,Elche,0.8,0–3,1.9,Betis,16127.0,Estadio Manuel Martínez Valero,Valentín Pizarro,Match Report,
147,14.0,Sun,2021-11-21,21:00,Real Sociedad,0.3,0–0,0.7,Valencia,28635.0,Estadio Municipal de Anoeta,Mario Melero,Match Report,
148,14.0,Mon,2021-11-22,21:00,Rayo Vallecano,2.4,3–1,0.7,Mallorca,6708.0,Estadio del Rayo Vallecano,Jorge Figueroa,Match Report,
149,,,,,,,,,,,,,,
150,15.0,Fri,2021-11-26,21:00,Athletic Club,1.1,2–2,1.1,Granada,32651.0,San Mamés,Adrián Cordero,Match Report,
151,15.0,Sat,2021-11-27,14:00,Alavés,0.9,1–2,1.2,Celta Vigo,10093.0,Estadio de Mendizorroza,Pablo González,Match Report,
152,15.0,Sat,2021-11-27,16:15,Valencia,1.6,1–1,1.2,Rayo Vallecano,30030.0,Estadio de Mestalla,Alejandro Hernández,Match Report,
153,15.0,Sat,2021-11-27,18:30,Mallorca,0.4,0–0,0.8,Getafe,8635.0,Iberostar Estadi,Santiago Jaime,Match Report,
154,15.0,Sat,2021-11-27,21:00,Villarreal,1.1,1–3,3.2,Barcelona,19050.0,Estadio de la Cerámica,César Soto,Match Report,
155,15.0,Sun,2021-11-28,14:00,Betis,2.6,3–1,0.3,Levante,45012.0,Estadio Benito Villamarín,Miguel Ángel Ortiz Arias,Match Report,
156,15.0,Sun,2021-11-28,16:15,Espanyol,0.4,1–0,1.7,Real Sociedad,19935.0,RCDE Stadium,Antonio Matéu Lahoz,Match Report,
157,15.0,Sun,2021-11-28,18:30,Cádiz,1.0,1–4,3.8,Atlético Madrid,16861.0,Estadio Nuevo Mirandilla,Jesús Gil,Match Report,
158,15.0,Sun,2021-11-28,21:00,Real Madrid,1.2,2–1,0.7,Sevilla,45281.0,Estadio Santiago Bernabéu,José Sánchez,Match Report,
159,15.0,Mon,2021-11-29,21:00,Osasuna,1.8,1–1,1.4,Elche,16485.0,Estadio El Sadar,Isidro Díaz de Mera,Match Report,
160,,,,,,,,,,,,,,
161,9.0,Wed,2021-12-01,21:00,Real Madrid,1.8,1–0,2.4,Athletic Club,33627.0,Estadio Santiago Bernabéu,Isidro Díaz de Mera,Match Report,
162,,,,,,,,,,,,,,
163,16.0,Fri,2021-12-03,21:00,Granada,1.0,2–1,2.1,Alavés,13511.0,Estadio Nuevo Los Cármenes,Alberola Rojas,Match Report,
164,16.0,Sat,2021-12-04,14:00,Sevilla,0.4,1–0,1.7,Villarreal,30865.0,Estadio Ramón Sánchez Pizjuán,Carlos del Cerro,Match Report,
165,16.0,Sat,2021-12-04,16:15,Barcelona,1.0,0–1,0.6,Betis,66529.0,Camp Nou,Pablo González,Match Report,
166,16.0,Sat,2021-12-04,18:30,Atlético Madrid,1.5,1–2,0.6,Mallorca,51009.0,Estadio Wanda Metropolitano,Juan Martínez,Match Report,
167,16.0,Sat,2021-12-04,21:00,Real Sociedad,0.7,0–2,1.6,Real Madrid,35765.0,Estadio Municipal de Anoeta,Jesús Gil,Match Report,
168,16.0,Sun,2021-12-05,14:00,Rayo Vallecano,0.4,1–0,0.6,Espanyol,8679.0,Estadio del Rayo Vallecano,José Luis Munuera,Match Report,
169,16.0,Sun,2021-12-05,16:15,Elche,2.4,3–1,1.7,Cádiz,11879.0,Estadio Manuel Martínez Valero,Alejandro Muñíz,Match Report,
170,16.0,Sun,2021-12-05,18:30,Levante,0.5,0–0,0.3,Osasuna,15361.0,Estadio Ciudad de Valencia,Valentín Pizarro,Match Report,
171,16.0,Sun,2021-12-05,21:00,Celta Vigo,0.9,1–2,1.3,Valencia,11361.0,Estadio de Balaídos,Ricardo de Burgos,Match Report,
172,16.0,Mon,2021-12-06,21:00,Getafe,1.2,0–0,0.5,Athletic Club,9176.0,Coliseum Alfonso Pérez,Jorge Figueroa,Match Report,
173,,,,,,,,,,,,,,
174,17.0,Fri,2021-12-10,21:00,Mallorca,0.8,0–0,1.0,Celta Vigo,10655.0,Iberostar Estadi,Isidro Díaz de Mera,Match Report,
175,17.0,Sat,2021-12-11,14:00,Espanyol,2.3,4–3,2.9,Levante,15193.0,RCDE Stadium,Adrián Cordero,Match Report,
176,17.0,Sat,2021-12-11,16:15,Alavés,0.7,1–1,1.0,Getafe,10065.0,Estadio de Mendizorroza,César Soto,Match Report,
177,17.0,Sat,2021-12-11,18:30,Valencia,1.6,2–1,0.9,Elche,31662.0,Estadio de Mestalla,Santiago Jaime,Match Report,
178,17.0,Sat,2021-12-11,21:00,Athletic Club,1.4,0–1,0.2,Sevilla,36737.0,San Mamés,Alejandro Hernández,Match Report,
179,17.0,Sun,2021-12-12,14:00,Villarreal,2.4,2–0,1.5,Rayo Vallecano,13133.0,Estadio de la Cerámica,Mario Melero,Match Report,
180,17.0,Sun,2021-12-12,16:15,Osasuna,0.3,2–2,0.9,Barcelona,21427.0,Estadio El Sadar,Juan Martínez,Match Report,
181,17.0,Sun,2021-12-12,18:30,Betis,1.6,4–0,0.9,Real Sociedad,52158.0,Estadio Benito Villamarín,José Sánchez,Match Report,
182,17.0,Sun,2021-12-12,21:00,Real Madrid,0.4,2–0,0.7,Atlético Madrid,51024.0,Estadio Santiago Bernabéu,Antonio Matéu Lahoz,Match Report,
183,17.0,Mon,2021-12-13,21:00,Cádiz,0.7,1–1,1.0,Granada,13052.0,Estadio Nuevo Mirandilla,Miguel Ángel Ortiz Arias,Match Report,
184,,,,,,,,,,,,,,
185,18.0,Fri,2021-12-17,21:00,Celta Vigo,1.2,3–1,0.4,Espanyol,9526.0,Estadio de Balaídos,Valentín Pizarro,Match Report,
186,18.0,Sat,2021-12-18,14:00,Rayo Vallecano,1.8,2–0,0.2,Alavés,7911.0,Estadio del Rayo Vallecano,Antonio Matéu Lahoz,Match Report,
187,18.0,Sat,2021-12-18,16:15,Real Sociedad,0.9,1–3,2.9,Villarreal,29679.0,Estadio Municipal de Anoeta,Jorge Figueroa,Match Report,
188,18.0,Sat,2021-12-18,18:30,Barcelona,2.7,3–2,1.3,Elche,41664.0,Camp Nou,Alberola Rojas,Match Report,
189,18.0,Sat,2021-12-18,21:00,Sevilla,0.5,2–1,1.0,Atlético Madrid,33241.0,Estadio Ramón Sánchez Pizjuán,Ricardo de Burgos,Match Report,
190,18.0,Sun,2021-12-19,14:00,Granada,1.9,4–1,0.9,Mallorca,13014.0,Estadio Nuevo Los Cármenes,Alejandro Muñíz,Match Report,
191,18.0,Sun,2021-12-19,16:15,Athletic Club,1.3,3–2,2.1,Betis,38002.0,San Mamés,Jesús Gil,Match Report,
192,18.0,Sun,2021-12-19,18:30,Getafe,1.1,1–0,0.6,Osasuna,8126.0,Coliseum Alfonso Pérez,José Luis Munuera,Match Report,
193,18.0,Sun,2021-12-19,21:00,Real Madrid,2.0,0–0,0.2,Cádiz,38818.0,Estadio Santiago Bernabéu,Santiago Jaime,Match Report,
194,18.0,Mon,2021-12-20,21:00,Levante,2.7,3–4,2.1,Valencia,18851.0,Estadio Ciudad de Valencia,Pablo González,Match Report,
195,,,,,,,,,,,,,,
196,4.0,Tue,2021-12-21,19:00,Villarreal,3.3,5–2,0.8,Alavés,12530.0,Estadio de la Cerámica,Valentín Pizarro,Match Report,
197,4.0,Tue,2021-12-21,21:30,Sevilla,0.3,1–1,1.8,Barcelona,31358.0,Estadio Ramón Sánchez Pizjuán,Carlos del Cerro,Match Report,
198,,,,,,,,,,,,,,
199,9.0,Wed,2021-12-22,19:00,Granada,0.6,2–1,1.5,Atlético Madrid,13304.0,Estadio Nuevo Los Cármenes,Alejandro Hernández,Match Report,
200,,,,,,,,,,,,,,
201,21.0,Wed,2021-12-22,21:30,Athletic Club,1.0,1–2,1.1,Real Madrid,42722.0,San Mamés,César Soto,Match Report,
202,,,,,,,,,,,,,,
203,19.0,Fri,2021-12-31,16:15,Valencia,0.7,1–2,2.0,Espanyol,29566.0,Estadio de Mestalla,José Sánchez,Match Report,
204,19.0,Sun,2022-01-02,14:00,Getafe,0.9,1–0,0.7,Real Madrid,11890.0,Coliseum Alfonso Pérez,Mario Melero,Match Report,
205,19.0,Sun,2022-01-02,16:15,Atlético Madrid,1.7,2–0,0.1,Rayo Vallecano,43029.0,Estadio Wanda Metropolitano,Jorge Figueroa,Match Report,
206,19.0,Sun,2022-01-02,16:15,Elche,1.2,0–0,1.1,Granada,12160.0,Estadio Manuel Martínez Valero,Adrián Cordero,Match Report,
207,19.0,Sun,2022-01-02,18:30,Alavés,1.7,1–1,0.9,Real Sociedad,13498.0,Estadio de Mendizorroza,Carlos del Cerro,Match Report,
208,19.0,Sun,2022-01-02,18:30,Betis,1.4,0–2,2.6,Celta Vigo,41656.0,Estadio Benito Villamarín,César Soto,Match Report,
209,19.0,Sun,2022-01-02,21:00,Mallorca,0.8,0–1,1.3,Barcelona,14654.0,Iberostar Estadi,Antonio Matéu Lahoz,Match Report,
210,19.0,Mon,2022-01-03,19:00,Villarreal,3.4,5–0,0.4,Levante,13462.0,Estadio de la Cerámica,Alejandro Hernández,Match Report,
211,19.0,Mon,2022-01-03,21:00,Osasuna,0.9,1–3,1.4,Athletic Club,16206.0,Estadio El Sadar,Miguel Ángel Ortiz Arias,Match Report,
212,19.0,Mon,2022-01-03,21:15,Cádiz,0.2,0–1,0.9,Sevilla,14342.0,Estadio Nuevo Mirandilla,Alberola Rojas,Match Report,
213,,,,,,,,,,,,,,
214,20.0,Sat,2022-01-08,14:00,Levante,1.2,2–0,1.2,Mallorca,13330.0,Estadio Ciudad de Valencia,Jorge Figueroa,Match Report,
215,20.0,Sat,2022-01-08,16:15,Real Sociedad,1.7,1–0,0.4,Celta Vigo,27938.0,Estadio Municipal de Anoeta,Guillermo Cuadra,Match Report,
216,20.0,Sat,2022-01-08,18:30,Granada,0.9,1–1,0.6,Barcelona,14442.0,Estadio Nuevo Los Cármenes,Pablo González,Match Report,
217,20.0,Sat,2022-01-08,21:00,Real Madrid,3.9,4–1,1.3,Valencia,40617.0,Estadio Santiago Bernabéu,Alejandro Hernández,Match Report,
218,20.0,Sun,2022-01-09,14:00,Rayo Vallecano,1.2,1–1,1.3,Betis,8395.0,Estadio del Rayo Vallecano,Alejandro Muñíz,Match Report,
219,20.0,Sun,2022-01-09,16:15,Sevilla,0.7,1–0,0.1,Getafe,30801.0,Estadio Ramón Sánchez Pizjuán,Juan Martínez,Match Report,
220,20.0,Sun,2022-01-09,18:30,Osasuna,2.2,2–0,0.2,Cádiz,16292.0,Estadio El Sadar,Ricardo de Burgos,Match Report,
221,20.0,Sun,2022-01-09,18:30,Alavés,0.5,0–0,0.8,Athletic Club,14103.0,Estadio de Mendizorroza,Santiago Jaime,Match Report,
222,20.0,Sun,2022-01-09,21:00,Villarreal,2.1,2–2,0.7,Atlético Madrid,14127.0,Estadio de la Cerámica,Alberola Rojas,Match Report,
223,20.0,Mon,2022-01-10,21:00,Espanyol,1.3,1–2,1.0,Elche,11870.0,RCDE Stadium,Jesús Gil,Match Report,
224,,,,,,,,,,,,,,
225,21.0,Sun,2022-01-16,14:00,Elche,0.2,1–0,0.6,Villarreal,12433.0,Estadio Manuel Martínez Valero,Valentín Pizarro,Match Report,
226,21.0,Tue,2022-01-18,20:00,Betis,2.4,4–0,0.3,Alavés,38753.0,Estadio Benito Villamarín,José Sánchez,Match Report,
227,21.0,Tue,2022-01-18,21:30,Cádiz,0.9,2–2,1.7,Espanyol,10755.0,Estadio Nuevo Mirandilla,Alejandro Muñíz,Match Report,
228,21.0,Wed,2022-01-19,19:00,Celta Vigo,1.2,2–0,0.5,Osasuna,8837.0,Estadio de Balaídos,Adrián Cordero,Match Report,
229,21.0,Wed,2022-01-19,21:30,Valencia,0.5,1–1,0.9,Sevilla,26049.0,Estadio de Mestalla,César Soto,Match Report,
230,21.0,Thu,2022-01-20,19:00,Getafe,0.9,4–2,0.7,Granada,7634.0,Coliseum Alfonso Pérez,Isidro Díaz de Mera,Match Report,
231,,,,,,,,,,,,,,
232,22.0,Fri,2022-01-21,21:00,Espanyol,1.4,1–4,2.4,Betis,17637.0,RCDE Stadium,Alberola Rojas,Match Report,
233,22.0,Sat,2022-01-22,14:00,Levante,1.0,0–2,0.7,Cádiz,14063.0,Estadio Ciudad de Valencia,César Soto,Match Report,
234,22.0,Sat,2022-01-22,16:15,Villarreal,1.9,3–0,1.2,Mallorca,13207.0,Estadio de la Cerámica,Miguel Ángel Ortiz Arias,Match Report,
235,22.0,Sat,2022-01-22,18:30,Sevilla,1.1,2–2,0.7,Celta Vigo,30059.0,Estadio Ramón Sánchez Pizjuán,José Sánchez,Match Report,
236,22.0,Sat,2022-01-22,21:00,Atlético Madrid,2.5,3–2,0.7,Valencia,44999.0,Estadio Wanda Metropolitano,Isidro Díaz de Mera,Match Report,
237,22.0,Sun,2022-01-23,14:00,Granada,0.7,0–2,2.1,Osasuna,12471.0,Estadio Nuevo Los Cármenes,Santiago Jaime,Match Report,
238,22.0,Sun,2022-01-23,16:15,Real Madrid,3.4,2–2,0.6,Elche,39796.0,Estadio Santiago Bernabéu,Ricardo de Burgos,Match Report,
239,22.0,Sun,2022-01-23,18:30,Real Sociedad,0.8,0–0,0.3,Getafe,27368.0,Estadio Municipal de Anoeta,José Luis Munuera,Match Report,
240,22.0,Sun,2022-01-23,18:30,Rayo Vallecano,2.0,0–1,0.4,Athletic Club,9034.0,Estadio del Rayo Vallecano,Adrián Cordero,Match Report,
241,22.0,Sun,2022-01-23,21:00,Alavés,0.6,0–1,1.5,Barcelona,14056.0,Estadio de Mendizorroza,Jorge Figueroa,Match Report,
242,,,,,,,,,,,,,,
243,23.0,Fri,2022-02-04,21:00,Getafe,0.8,3–0,0.5,Levante,8475.0,Coliseum Alfonso Pérez,Alejandro Muñíz,Match Report,
244,23.0,Sat,2022-02-05,14:00,Elche,0.9,3–1,0.9,Alavés,12923.0,Estadio Manuel Martínez Valero,Mario Melero,Match Report,
245,23.0,Sat,2022-02-05,16:15,Mallorca,2.3,2–1,0.8,Cádiz,12226.0,Iberostar Estadi,Carlos del Cerro,Match Report,
246,23.0,Sat,2022-02-05,18:30,Celta Vigo,0.7,2–0,0.8,Rayo Vallecano,12546.0,Estadio de Balaídos,José Luis Munuera,Match Report,
247,23.0,Sat,2022-02-05,21:00,Osasuna,0.4,0–0,1.3,Sevilla,17635.0,Estadio El Sadar,Valentín Pizarro,Match Report,
248,23.0,Sun,2022-02-06,14:00,Valencia,1.1,0–0,0.4,Real Sociedad,31351.0,Estadio de Mestalla,José Sánchez,Match Report,
249,23.0,Sun,2022-02-06,16:15,Barcelona,1.0,4–2,1.3,Atlético Madrid,74221.0,Camp Nou,Jesús Gil,Match Report,
250,23.0,Sun,2022-02-06,18:30,Betis,0.6,0–2,0.9,Villarreal,44870.0,Estadio Benito Villamarín,Pablo González,Match Report,
251,23.0,Sun,2022-02-06,21:00,Real Madrid,2.1,1–0,0.6,Granada,36665.0,Estadio Santiago Bernabéu,Antonio Matéu Lahoz,Match Report,
252,23.0,Mon,2022-02-07,21:00,Athletic Club,0.8,2–1,0.6,Espanyol,30753.0,San Mamés,César Soto,Match Report,
253,,,,,,,,,,,,,,
254,24.0,Fri,2022-02-11,21:00,Sevilla,0.8,2–0,0.3,Elche,33411.0,Estadio Ramón Sánchez Pizjuán,Miguel Ángel Ortiz Arias,Match Report,
255,24.0,Sat,2022-02-12,14:00,Cádiz,0.7,0–0,1.0,Celta Vigo,15635.0,Estadio Nuevo Mirandilla,Antonio Matéu Lahoz,Match Report,
256,24.0,Sat,2022-02-12,16:15,Villarreal,0.4,0–0,1.7,Real Madrid,17894.0,Estadio de la Cerámica,José Sánchez,Match Report,
257,24.0,Sat,2022-02-12,18:30,Rayo Vallecano,0.9,0–3,1.6,Osasuna,8596.0,Estadio del Rayo Vallecano,Jorge Figueroa,Match Report,
258,24.0,Sat,2022-02-12,21:00,Atlético Madrid,2.5,4–3,2.1,Getafe,49375.0,Estadio Wanda Metropolitano,Ricardo de Burgos,Match Report,
259,24.0,Sun,2022-02-13,14:00,Alavés,1.8,2–1,1.2,Valencia,12845.0,Estadio de Mendizorroza,Adrián Cordero,Match Report,
260,24.0,Sun,2022-02-13,16:15,Levante,1.7,2–4,2.2,Betis,16103.0,Estadio Ciudad de Valencia,Santiago Jaime,Match Report,
261,24.0,Sun,2022-02-13,18:30,Real Sociedad,2.9,2–0,1.2,Granada,29847.0,Estadio Municipal de Anoeta,Alberola Rojas,Match Report,
262,24.0,Sun,2022-02-13,21:00,Espanyol,1.1,2–2,1.5,Barcelona,25049.0,RCDE Stadium,Alejandro Hernández,Match Report,
263,24.0,Mon,2022-02-14,21:00,Mallorca,1.9,3–2,1.6,Athletic Club,12904.0,Iberostar Estadi,Isidro Díaz de Mera,Match Report,
264,,,,,,,,,,,,,,
265,21.0,Wed,2022-02-16,19:00,Atlético Madrid,1.3,0–1,0.6,Levante,43456.0,Estadio Wanda Metropolitano,José Luis Munuera,Match Report,
266,,,,,,,,,,,,,,
267,25.0,Fri,2022-02-18,21:00,Elche,2.5,2–1,0.7,Rayo Vallecano,14742.0,Estadio Manuel Martínez Valero,Alejandro Muñíz,Match Report,
268,25.0,Sat,2022-02-19,14:00,Granada,2.3,1–4,4.9,Villarreal,13389.0,Estadio Nuevo Los Cármenes,Jesús Gil,Match Report,
269,25.0,Sat,2022-02-19,16:15,Osasuna,0.6,0–3,1.1,Atlético Madrid,20040.0,Estadio El Sadar,Mario Melero,Match Report,
270,25.0,Sat,2022-02-19,18:30,Cádiz,0.5,1–1,0.9,Getafe,15948.0,Estadio Nuevo Mirandilla,Alberola Rojas,Match Report,
271,25.0,Sat,2022-02-19,21:00,Real Madrid,2.9,3–0,0.6,Alavés,42180.0,Estadio Santiago Bernabéu,José Luis Munuera,Match Report,
272,25.0,Sun,2022-02-20,14:00,Espanyol,1.5,1–1,0.5,Sevilla,24897.0,RCDE Stadium,Pablo González,Match Report,
273,25.0,Sun,2022-02-20,16:15,Valencia,0.8,1–4,2.0,Barcelona,38315.0,Estadio de Mestalla,Carlos del Cerro,Match Report,
274,25.0,Sun,2022-02-20,18:30,Betis,1.5,2–1,0.4,Mallorca,48652.0,Estadio Benito Villamarín,César Soto,Match Report,
275,25.0,Sun,2022-02-20,21:00,Athletic Club,2.8,4–0,0.4,Real Sociedad,40698.0,San Mamés,Juan Martínez,Match Report,
276,25.0,Mon,2022-02-21,21:00,Celta Vigo,1.2,1–1,1.7,Levante,9776.0,Estadio de Balaídos,Valentín Pizarro,Match Report,
277,,,,,,,,,,,,,,
278,26.0,Fri,2022-02-25,21:00,Levante,2.1,3–0,0.6,Elche,14237.0,Estadio Ciudad de Valencia,Pablo González,Match Report,
279,26.0,Sat,2022-02-26,14:00,Mallorca,1.8,0–1,0.6,Valencia,14417.0,Iberostar Estadi,Jorge Figueroa,Match Report,
280,26.0,Sat,2022-02-26,16:15,Getafe,1.1,2–2,1.0,Alavés,7720.0,Coliseum Alfonso Pérez,Santiago Jaime,Match Report,
281,26.0,Sat,2022-02-26,18:30,Rayo Vallecano,0.9,0–1,2.1,Real Madrid,9952.0,Estadio del Rayo Vallecano,Isidro Díaz de Mera,Match Report,
282,26.0,Sat,2022-02-26,21:00,Atlético Madrid,0.6,2–0,0.8,Celta Vigo,48009.0,Estadio Wanda Metropolitano,Alejandro Hernández,Match Report,
283,26.0,Sun,2022-02-27,14:00,Villarreal,4.4,5–1,1.1,Espanyol,15600.0,Estadio de la Cerámica,Ricardo de Burgos,Match Report,
284,26.0,Sun,2022-02-27,16:15,Sevilla,1.4,2–1,0.7,Betis,37250.0,Estadio Ramón Sánchez Pizjuán,Carlos del Cerro,Match Report,
285,26.0,Sun,2022-02-27,18:30,Real Sociedad,1.0,1–0,0.4,Osasuna,30145.0,Estadio Municipal de Anoeta,Antonio Matéu Lahoz,Match Report,
286,26.0,Sun,2022-02-27,21:00,Barcelona,3.1,4–0,0.3,Athletic Club,69770.0,Camp Nou,Guillermo Cuadra,Match Report,
287,26.0,Mon,2022-02-28,21:00,Granada,0.2,0–0,0.7,Cádiz,14785.0,Estadio Nuevo Los Cármenes,José Sánchez,Match Report,
288,,,,,,,,,,,,,,
289,21.0,Wed,2022-03-02,21:00,Mallorca,0.5,0–2,1.6,Real Sociedad,11550.0,Iberostar Estadi,Mario Melero,Match Report,
290,,,,,,,,,,,,,,
291,27.0,Fri,2022-03-04,21:00,Alavés,1.4,0–0,1.2,Sevilla,13121.0,Estadio de Mendizorroza,Alberola Rojas,Match Report,
292,27.0,Sat,2022-03-05,14:00,Osasuna,0.8,1–0,0.5,Villarreal,16659.0,Estadio El Sadar,José Luis Munuera,Match Report,
293,27.0,Sat,2022-03-05,16:15,Espanyol,0.1,2–0,0.4,Getafe,18519.0,RCDE Stadium,Adrián Cordero,Match Report,
294,27.0,Sat,2022-03-05,18:30,Valencia,1.6,3–1,0.4,Granada,31227.0,Estadio de Mestalla,Valentín Pizarro,Match Report,
295,27.0,Sat,2022-03-05,21:00,Real Madrid,2.0,4–1,0.8,Real Sociedad,52410.0,Estadio Santiago Bernabéu,Jesús Gil,Match Report,
296,27.0,Sun,2022-03-06,14:00,Cádiz,1.1,2–0,1.1,Rayo Vallecano,15677.0,Estadio Nuevo Mirandilla,César Soto,Match Report,
297,27.0,Sun,2022-03-06,16:15,Elche,1.1,1–2,4.1,Barcelona,30146.0,Estadio Manuel Martínez Valero,Alejandro Hernández,Match Report,
298,27.0,Sun,2022-03-06,18:30,Celta Vigo,2.7,4–3,1.5,Mallorca,11320.0,Estadio de Balaídos,Miguel Ángel Ortiz Arias,Match Report,
299,27.0,Sun,2022-03-06,21:00,Betis,1.0,1–3,2.8,Atlético Madrid,44383.0,Estadio Benito Villamarín,Guillermo Cuadra,Match Report,
300,27.0,Mon,2022-03-07,21:00,Athletic Club,3.1,3–1,0.5,Levante,29485.0,San Mamés,Alejandro Muñíz,Match Report,
301,,,,,,,,,,,,,,
302,28.0,Fri,2022-03-11,21:00,Atlético Madrid,0.3,2–1,0.8,Cádiz,50573.0,Estadio Wanda Metropolitano,Pablo González,Match Report,
303,28.0,Sat,2022-03-12,14:00,Levante,1.1,1–1,0.4,Espanyol,13407.0,Estadio Ciudad de Valencia,Isidro Díaz de Mera,Match Report,
304,28.0,Sat,2022-03-12,16:15,Granada,1.4,0–1,1.2,Elche,15345.0,Estadio Nuevo Los Cármenes,Carlos del Cerro,Match Report,
305,28.0,Sat,2022-03-12,18:30,Villarreal,1.3,1–0,0.8,Celta Vigo,14929.0,Estadio de la Cerámica,Santiago Jaime,Match Report,
306,28.0,Sat,2022-03-12,21:00,Getafe,0.9,0–0,0.2,Valencia,10349.0,Coliseum Alfonso Pérez,Guillermo Cuadra,Match Report,
307,28.0,Sun,2022-03-13,14:00,Rayo Vallecano,0.4,1–1,0.3,Sevilla,9073.0,Estadio del Rayo Vallecano,Juan Martínez,Match Report,
308,28.0,Sun,2022-03-13,16:15,Betis,0.7,1–0,0.5,Athletic Club,48876.0,Estadio Benito Villamarín,Antonio Matéu Lahoz,Match Report,
309,28.0,Sun,2022-03-13,18:30,Real Sociedad,2.2,1–0,0.8,Alavés,31573.0,Estadio Municipal de Anoeta,Jorge Figueroa,Match Report,
310,28.0,Sun,2022-03-13,21:00,Barcelona,3.6,4–0,0.2,Osasuna,54507.0,Camp Nou,Ricardo de Burgos,Match Report,
311,28.0,Mon,2022-03-14,21:00,Mallorca,1.4,0–3,1.8,Real Madrid,17191.0,Iberostar Estadi,José Sánchez,Match Report,
312,,,,,,,,,,,,,,
313,29.0,Fri,2022-03-18,21:00,Athletic Club,2.0,1–1,0.4,Getafe,37367.0,San Mamés,Jesús Gil,Match Report,
314,29.0,Sat,2022-03-19,14:00,Alavés,1.7,2–3,2.1,Granada,16209.0,Estadio de Mendizorroza,Guillermo Cuadra,Match Report,
315,29.0,Sat,2022-03-19,16:15,Elche,0.6,0–1,0.9,Valencia,15780.0,Estadio Manuel Martínez Valero,Miguel Ángel Ortiz Arias,Match Report,
316,29.0,Sat,2022-03-19,18:30,Osasuna,2.3,3–1,1.0,Levante,19429.0,Estadio El Sadar,Alberola Rojas,Match Report,
317,29.0,Sat,2022-03-19,21:00,Rayo Vallecano,1.4,0–1,1.4,Atlético Madrid,10349.0,Estadio del Rayo Vallecano,José Luis Munuera,Match Report,
318,29.0,Sun,2022-03-20,14:00,Espanyol,1.3,1–0,0.5,Mallorca,17578.0,RCDE Stadium,Alejandro Muñíz,Match Report,
319,29.0,Sun,2022-03-20,16:15,Cádiz,1.7,1–0,0.2,Villarreal,13325.0,Estadio Nuevo Mirandilla,Alejandro Hernández,Match Report,
320,29.0,Sun,2022-03-20,16:15,Celta Vigo,0.9,0–0,0.5,Betis,13149.0,Estadio de Balaídos,Ricardo de Burgos,Match Report,
321,29.0,Sun,2022-03-20,18:30,Sevilla,0.3,0–0,1.1,Real Sociedad,24861.0,Estadio Ramón Sánchez Pizjuán,César Soto,Match Report,
322,29.0,Sun,2022-03-20,21:00,Real Madrid,0.8,0–4,3.4,Barcelona,60017.0,Estadio Santiago Bernabéu,Juan Martínez,Match Report,
323,,,,,,,,,,,,,,
324,30.0,Sat,2022-04-02,14:00,Getafe,1.7,1–0,0.4,Mallorca,8946.0,Coliseum Alfonso Pérez,Antonio Matéu Lahoz,Match Report,
325,30.0,Sat,2022-04-02,16:15,Levante,2.0,2–0,1.2,Villarreal,14908.0,Estadio Ciudad de Valencia,Adrián Cordero,Match Report,
326,30.0,Sat,2022-04-02,18:30,Celta Vigo,1.6,1–2,2.9,Real Madrid,15714.0,Estadio de Balaídos,Pablo González,Match Report,
327,30.0,Sat,2022-04-02,21:00,Atlético Madrid,3.0,4–1,0.5,Alavés,51467.0,Estadio Wanda Metropolitano,Mario Melero,Match Report,
328,30.0,Sun,2022-04-03,14:00,Athletic Club,1.9,2–1,0.5,Elche,34572.0,San Mamés,Jorge Figueroa,Match Report,
329,30.0,Sun,2022-04-03,16:15,Betis,4.4,4–1,0.4,Osasuna,49103.0,Estadio Benito Villamarín,Valentín Pizarro,Match Report,
330,30.0,Sun,2022-04-03,18:30,Granada,2.1,2–2,0.8,Rayo Vallecano,15823.0,Estadio Nuevo Los Cármenes,Alejandro Hernández,Match Report,
331,30.0,Sun,2022-04-03,18:30,Valencia,0.2,0–0,0.1,Cádiz,32949.0,Estadio de Mestalla,Isidro Díaz de Mera,Match Report,
332,30.0,Sun,2022-04-03,21:00,Barcelona,1.9,1–0,0.6,Sevilla,76112.0,Camp Nou,José Sánchez,Match Report,
333,30.0,Mon,2022-04-04,21:00,Real Sociedad,2.2,1–0,0.4,Espanyol,20869.0,Estadio Municipal de Anoeta,Santiago Jaime,Match Report,
334,,,,,,,,,,,,,,
335,31.0,Fri,2022-04-08,21:00,Sevilla,2.9,4–2,0.9,Granada,33504.0,Estadio Ramón Sánchez Pizjuán,Miguel Ángel Ortiz Arias,Match Report,
336,31.0,Sat,2022-04-09,14:00,Cádiz,1.3,1–2,1.3,Betis,18063.0,Estadio Nuevo Mirandilla,Jesús Gil,Match Report,
337,31.0,Sat,2022-04-09,16:15,Mallorca,1.1,1–0,0.5,Atlético Madrid,15437.0,Iberostar Estadi,Juan Martínez,Match Report,
338,31.0,Sat,2022-04-09,18:30,Villarreal,1.3,1–1,1.8,Athletic Club,16603.0,Estadio de la Cerámica,Carlos del Cerro,Match Report,
339,31.0,Sat,2022-04-09,21:00,Real Madrid,1.6,2–0,0.4,Getafe,50740.0,Estadio Santiago Bernabéu,César Soto,Match Report,
340,31.0,Sun,2022-04-10,14:00,Osasuna,2.1,1–0,0.5,Alavés,19220.0,Estadio El Sadar,Alejandro Muñíz,Match Report,
341,31.0,Sun,2022-04-10,16:15,Espanyol,1.3,1–0,0.8,Celta Vigo,18471.0,RCDE Stadium,Alberola Rojas,Match Report,
342,31.0,Sun,2022-04-10,18:30,Elche,0.6,1–2,1.7,Real Sociedad,17011.0,Estadio Manuel Martínez Valero,Guillermo Cuadra,Match Report,
343,31.0,Sun,2022-04-10,21:00,Levante,3.4,2–3,1.2,Barcelona,20785.0,Estadio Ciudad de Valencia,José Luis Munuera,Match Report,
344,31.0,Mon,2022-04-11,21:00,Rayo Vallecano,0.6,1–1,0.5,Valencia,9302.0,Estadio del Rayo Vallecano,Ricardo de Burgos,Match Report,
345,,,,,,,,,,,,,,
346,32.0,Fri,2022-04-15,21:00,Real Sociedad,0.9,0–0,0.5,Betis,28893.0,Estadio Municipal de Anoeta,Isidro Díaz de Mera,Match Report,
347,32.0,Sat,2022-04-16,14:00,Elche,1.6,3–0,1.5,Mallorca,20257.0,Estadio Manuel Martínez Valero,José Sánchez,Match Report,
348,32.0,Sat,2022-04-16,16:15,Alavés,0.5,1–0,1.0,Rayo Vallecano,10165.0,Estadio de Mendizorroza,Juan Martínez,Match Report,
349,32.0,Sat,2022-04-16,18:30,Valencia,1.3,1–2,1.1,Osasuna,30148.0,Estadio de Mestalla,Mario Melero,Match Report,
350,32.0,Sat,2022-04-16,21:00,Getafe,0.9,1–2,2.7,Villarreal,9657.0,Coliseum Alfonso Pérez,Pablo González,Match Report,
351,32.0,Sun,2022-04-17,14:00,Granada,1.0,1–4,3.9,Levante,15323.0,Estadio Nuevo Los Cármenes,Valentín Pizarro,Match Report,
352,32.0,Sun,2022-04-17,16:15,Atlético Madrid,1.2,2–1,0.7,Espanyol,54011.0,Estadio Wanda Metropolitano,Jorge Figueroa,Match Report,
353,32.0,Sun,2022-04-17,18:30,Athletic Club,0.5,0–2,0.4,Celta Vigo,35541.0,San Mamés,Alejandro Hernández,Match Report,
354,32.0,Sun,2022-04-17,21:00,Sevilla,0.9,2–3,1.2,Real Madrid,40629.0,Estadio Ramón Sánchez Pizjuán,Guillermo Cuadra,Match Report,
355,32.0,Mon,2022-04-18,21:00,Barcelona,1.2,0–1,1.7,Cádiz,57495.0,Camp Nou,Santiago Jaime,Match Report,
356,,,,,,,,,,,,,,
357,33.0,Tue,2022-04-19,19:00,Mallorca,0.8,2–1,0.6,Alavés,15264.0,Iberostar Estadi,César Soto,Match Report,
358,33.0,Tue,2022-04-19,21:00,Betis,1.2,0–1,0.6,Elche,43257.0,Estadio Benito Villamarín,Alberola Rojas,Match Report,
359,33.0,Tue,2022-04-19,21:30,Villarreal,2.4,2–0,0.3,Valencia,13570.0,Estadio de la Cerámica,José Luis Munuera,Match Report,
360,33.0,Wed,2022-04-20,19:00,Atlético Madrid,1.1,0–0,0.2,Granada,43517.0,Estadio Wanda Metropolitano,Jesús Gil,Match Report,
361,33.0,Wed,2022-04-20,20:00,Celta Vigo,0.4,0–2,1.1,Getafe,9934.0,Estadio de Balaídos,Santiago Jaime,Match Report,
362,33.0,Wed,2022-04-20,21:30,Osasuna,1.1,1–3,4.5,Real Madrid,21360.0,Estadio El Sadar,Ricardo de Burgos,Match Report,
363,33.0,Thu,2022-04-21,19:00,Levante,2.7,2–3,1.8,Sevilla,18107.0,Estadio Ciudad de Valencia,Isidro Díaz de Mera,Match Report,
364,33.0,Thu,2022-04-21,19:00,Espanyol,0.4,0–1,0.6,Rayo Vallecano,11873.0,RCDE Stadium,Antonio Matéu Lahoz,Match Report,
365,33.0,Thu,2022-04-21,20:00,Cádiz,3.1,2–3,1.6,Athletic Club,17360.0,Estadio Nuevo Mirandilla,Valentín Pizarro,Match Report,
366,33.0,Thu,2022-04-21,21:30,Real Sociedad,0.8,0–1,1.1,Barcelona,35128.0,Estadio Municipal de Anoeta,Carlos del Cerro,Match Report,
367,,,,,,,,,,,,,,
368,21.0,Sun,2022-04-24,21:00,Barcelona,1.7,0–1,0.3,Rayo Vallecano,57023.0,Camp Nou,Isidro Díaz de Mera,Match Report,
369,,,,,,,,,,,,,,
370,34.0,Fri,2022-04-29,21:00,Sevilla,0.7,1–1,0.9,Cádiz,37113.0,Estadio Ramón Sánchez Pizjuán,José Sánchez,Match Report,
371,34.0,Sat,2022-04-30,14:00,Alavés,2.4,2–1,1.3,Villarreal,12579.0,Estadio de Mendizorroza,Miguel Ángel Ortiz Arias,Match Report,
372,34.0,Sat,2022-04-30,16:15,Real Madrid,1.8,4–0,1.3,Espanyol,58686.0,Estadio Santiago Bernabéu,José Luis Munuera,Match Report,
373,34.0,Sat,2022-04-30,18:30,Valencia,0.5,1–1,1.3,Levante,35099.0,Estadio de Mestalla,Jorge Figueroa,Match Report,
374,34.0,Sat,2022-04-30,21:00,Athletic Club,1.3,2–0,0.7,Atlético Madrid,43398.0,San Mamés,Antonio Matéu Lahoz,Match Report,
375,34.0,Sun,2022-05-01,14:00,Elche,0.6,1–1,1.1,Osasuna,16305.0,Estadio Manuel Martínez Valero,Carlos del Cerro,Match Report,
376,34.0,Sun,2022-05-01,16:15,Granada,0.7,1–1,1.1,Celta Vigo,15036.0,Estadio Nuevo Los Cármenes,Juan Martínez,Match Report,
377,34.0,Sun,2022-05-01,18:30,Rayo Vallecano,1.4,1–1,0.7,Real Sociedad,9395.0,Estadio del Rayo Vallecano,Alejandro Muñíz,Match Report,
378,34.0,Sun,2022-05-01,21:00,Barcelona,1.2,2–1,1.0,Mallorca,62789.0,Camp Nou,Pablo González,Match Report,
379,34.0,Mon,2022-05-02,21:00,Getafe,0.7,0–0,0.2,Betis,9916.0,Coliseum Alfonso Pérez,Adrián Cordero,Match Report,
380,,,,,,,,,,,,,,
381,35.0,Fri,2022-05-06,21:00,Levante,2.1,2–1,2.1,Real Sociedad,17278.0,Estadio Ciudad de Valencia,Alberola Rojas,Match Report,
382,35.0,Sat,2022-05-07,14:00,Mallorca,1.4,2–6,1.6,Granada,18466.0,Iberostar Estadi,Ricardo de Burgos,Match Report,
383,35.0,Sat,2022-05-07,16:15,Athletic Club,1.3,0–0,0.1,Valencia,41091.0,San Mamés,Isidro Díaz de Mera,Match Report,
384,35.0,Sat,2022-05-07,18:30,Cádiz,1.8,3–0,0.1,Elche,17615.0,Estadio Nuevo Mirandilla,Alejandro Hernández,Match Report,
385,35.0,Sat,2022-05-07,18:30,Celta Vigo,1.9,4–0,0.5,Alavés,10567.0,Estadio de Balaídos,Guillermo Cuadra,Match Report,
386,35.0,Sat,2022-05-07,21:00,Betis,0.7,1–2,1.2,Barcelona,46132.0,Estadio Benito Villamarín,Antonio Matéu Lahoz,Match Report,
387,35.0,Sun,2022-05-08,14:00,Getafe,0.6,0–0,0.7,Rayo Vallecano,10125.0,Coliseum Alfonso Pérez,Mario Melero,Match Report,
388,35.0,Sun,2022-05-08,16:15,Villarreal,2.2,1–1,0.8,Sevilla,17461.0,Estadio de la Cerámica,Jesús Gil,Match Report,
389,35.0,Sun,2022-05-08,18:30,Espanyol,0.6,1–1,0.6,Osasuna,18903.0,RCDE Stadium,Santiago Jaime,Match Report,
390,35.0,Sun,2022-05-08,21:00,Atlético Madrid,2.3,1–0,1.1,Real Madrid,63874.0,Estadio Wanda Metropolitano,César Soto,Match Report,
391,,,,,,,,,,,,,,
392,36.0,Tue,2022-05-10,19:00,Valencia,1.2,0–3,1.6,Betis,28091.0,Estadio de Mestalla,Carlos del Cerro,Match Report,
393,36.0,Tue,2022-05-10,20:00,Granada,0.9,1–0,0.3,Athletic Club,16638.0,Estadio Nuevo Los Cármenes,José Sánchez,Match Report,
394,36.0,Tue,2022-05-10,21:30,Barcelona,1.1,3–1,0.7,Celta Vigo,55899.0,Camp Nou,Miguel Ángel Ortiz Arias,Match Report,
395,36.0,Wed,2022-05-11,19:00,Osasuna,0.6,1–1,0.3,Getafe,17850.0,Estadio El Sadar,Alejandro Muñíz,Match Report,
396,36.0,Wed,2022-05-11,19:00,Alavés,2.6,2–1,0.9,Espanyol,12729.0,Estadio de Mendizorroza,Valentín Pizarro,Match Report,
397,36.0,Wed,2022-05-11,20:30,Sevilla,1.5,0–0,0.6,Mallorca,33242.0,Estadio Ramón Sánchez Pizjuán,Alejandro Hernández,Match Report,
398,36.0,Wed,2022-05-11,21:30,Elche,0.2,0–2,1.9,Atlético Madrid,21266.0,Estadio Manuel Martínez Valero,Pablo González,Match Report,
399,36.0,Thu,2022-05-12,19:00,Real Sociedad,3.0,3–0,0.7,Cádiz,29014.0,Estadio Municipal de Anoeta,Juan Martínez,Match Report,
400,36.0,Thu,2022-05-12,20:00,Rayo Vallecano,1.8,1–5,2.4,Villarreal,7945.0,Estadio del Rayo Vallecano,Isidro Díaz de Mera,Match Report,
401,36.0,Thu,2022-05-12,21:30,Real Madrid,3.5,6–0,1.0,Levante,38421.0,Estadio Santiago Bernabéu,Adrián Cordero,Match Report,
402,,,,,,,,,,,,,,
403,37.0,Sat,2022-05-14,18:30,Espanyol,0.7,1–1,1.6,Valencia,14990.0,RCDE Stadium,Alejandro Muñíz,Match Report,
404,37.0,Sun,2022-05-15,19:30,Levante,1.9,3–1,0.5,Alavés,12438.0,Estadio Ciudad de Valencia,Guillermo Cuadra,Match Report,
405,37.0,Sun,2022-05-15,19:30,Villarreal,0.7,1–2,2.1,Real Sociedad,16689.0,Estadio de la Cerámica,Pablo González,Match Report,
406,37.0,Sun,2022-05-15,19:30,Getafe,0.3,0–0,0.2,Barcelona,13072.0,Coliseum Alfonso Pérez,Jesús Gil,Match Report,
407,37.0,Sun,2022-05-15,19:30,Athletic Club,1.1,2–0,0.9,Osasuna,37869.0,San Mamés,Jorge Figueroa,Match Report,
408,37.0,Sun,2022-05-15,19:30,Atlético Madrid,1.2,1–1,0.7,Sevilla,58138.0,Estadio Wanda Metropolitano,José Sánchez,Match Report,
409,37.0,Sun,2022-05-15,19:30,Betis,2.3,2–0,1.1,Granada,45016.0,Estadio Benito Villamarín,Ricardo de Burgos,Match Report,
410,37.0,Sun,2022-05-15,19:30,Celta Vigo,2.1,1–0,0.5,Elche,10773.0,Estadio de Balaídos,Mario Melero,Match Report,
411,37.0,Sun,2022-05-15,19:30,Mallorca,0.8,2–1,1.2,Rayo Vallecano,17930.0,Iberostar Estadi,José Luis Munuera,Match Report,
412,37.0,Sun,2022-05-15,19:30,Cádiz,2.7,1–1,1.6,Real Madrid,19643.0,Estadio Nuevo Mirandilla,Antonio Matéu Lahoz,Match Report,
413,,,,,,,,,,,,,,
414,38.0,Fri,2022-05-20,21:00,Real Madrid,1.2,0–0,0.9,Betis,52232.0,Estadio Santiago Bernabéu,Santiago Jaime,Match Report,
415,38.0,Fri,2022-05-20,21:00,Rayo Vallecano,2.5,2–4,2.5,Levante,8446.0,Estadio del Rayo Vallecano,Mario Melero,Match Report,
416,38.0,Sat,2022-05-21,17:30,Valencia,1.5,2–0,0.9,Celta Vigo,16189.0,Estadio de Mestalla,Adrián Cordero,Match Report,
417,38.0,Sun,2022-05-22,17:30,Elche,2.7,3–1,1.3,Getafe,17336.0,Estadio Manuel Martínez Valero,Guillermo Cuadra,Match Report,
418,38.0,Sun,2022-05-22,20:00,Osasuna,0.8,0–2,1.2,Mallorca,18717.0,Estadio El Sadar,César Soto,Match Report,
419,38.0,Sun,2022-05-22,20:00,Granada,1.7,0–0,0.3,Espanyol,17951.0,Estadio Nuevo Los Cármenes,Alejandro Hernández,Match Report,
420,38.0,Sun,2022-05-22,20:00,Alavés,0.4,0–1,1.8,Cádiz,11138.0,Estadio de Mendizorroza,José Sánchez,Match Report,
421,38.0,Sun,2022-05-22,22:00,Barcelona,0.6,0–2,0.8,Villarreal,54850.0,Camp Nou,José Luis Munuera,Match Report,
422,38.0,Sun,2022-05-22,22:00,Sevilla,1.2,1–0,0.7,Athletic Club,31305.0,Estadio Ramón Sánchez Pizjuán,Carlos del Cerro,Match Report,
423,38.0,Sun,2022-05-22,22:00,Real Sociedad,2.5,1–2,0.7,Atlético Madrid,23586.0,Estadio Municipal de Anoeta,Jesús Gil,Match Report,
